,alpha-3,2002,2003,2004,2005,2006,2007,2008,2009,2010,2011,2012,2013,2014,2015
0,ABW,0.9422342372446858,0.9405769094528416,0.9411123846871119,0.9442869878617149,0.9481246559263123,0.9472831948438873,0.9551496765758523,0.9546524495726012,0.952765632394641,0.9551242733074988,0.957954642402928,0.9561187273140009,0.9541680675320158,0.9560039826209429
1,AFG,0.1781176574009576,0.20390914120436063,0.2502271756547962,0.268432760306035,0.2902081798524098,0.3080568765664609,0.3342945897317559,0.3488409980631544,0.36704658271439317,0.38525216736563195,0.37534530221767387,0.3774866298408002,0.4000651666862549,0.40890041249939074
2,AGO,0.3924764009643141,0.3416941618484406,0.3471368223309607,0.27225819767291864,0.2821631517743589,0.4406624833858393,0.4067476185971581,0.3970184807753498,0.4635052224123714,0.4381580569243426,0.47697857812405936,0.46002042908727464,0.43949340067861264,0.42298243652697876
3,ALB,0.9170156715369687,0.907822582263386,0.9227258785319723,0.9291508169246102,0.9236169039708679,0.934057906620534,0.9401259570759842,0.9378049910801903,0.9478891057926687,0.949584204053903,0.9472632380581092,0.9525281712144796,0.949850317281498,0.9458342530244699
4,AND,0.9959839357429718,0.9879518072289156,0.9959839357429718,0.9799196787148595,0.967871485943775,0.9799196787148595,0.9959839357429718,0.9959839357429718,1.0,1.0,0.9959839357429718,0.9839357429718875,0.9879518072289156,0.9879518072289156
5,ARB,0.7554555268976575,0.7592167758584413,0.7651341457534677,0.7688941737266183,0.7702326067846482,0.7781757750138308,0.7800048817608779,0.7920965129637644,0.7994462092913531,0.8002820279865771,0.8060221948113565,0.8277495423421262,0.8217614796061765,0.8640969990618007
6,ARE,0.9693019042623027,0.9693019042623027,0.9696587921994905,0.9616266636854341,0.9616266636854341,0.961180434323542,0.961180434323542,0.9651964985805702,0.9692125628375984,0.9732286270946263,0.9772446913516545,0.9852768198657107,0.9892928841227389,0.9896497720599265
7,ARG,0.9410160269916209,0.9513681659782122,0.9613634170276155,0.9596673632431223,0.9576144215214416,0.9478862392228922,0.9578814902722955,0.9598446128076427,0.9577023296612573,0.9596654521966047,0.9576125104749237,0.9595756330102709,0.9651085904407543,0.9429753274339326
8,ARM,0.9015720268654919,0.9166544837451162,0.9112997314024119,0.9220092360878204,0.9170113716823037,0.9196887478536558,0.9303982525390643,0.9411077572244725,0.9473549682909607,0.9500323444623128,0.953155949995557,0.9540484087193409,0.954494638081233,0.954494638081233
9,ASM,0.7893653400864258,0.7869173577488636,0.7720642947030295,0.7941589272695281,0.8018467261520846,0.8136780833950669,0.7947452090405057,0.7896517240574411,0.7897217502619839,0.8121669916128263,0.8185479759355562,0.825432657519033,0.8136713264805935,0.8070735066297616
10,ATG,0.9415568531561411,0.9455719618899104,0.9411087127477314,0.9527097206336649,0.9559217120683544,0.9599368208021236,0.9599368208021236,0.9599368208021236,0.9559207565450955,0.9599368208021236,0.9344592522142121,0.935819284623495,0.9368224290955903,0.9372854188519418
11,AUS,0.9799196787148595,0.9799196787148595,0.9799196787148595,0.9799196787148595,0.9799196787148595,0.9799196787148595,0.9799196787148595,0.9799196787148595,0.9799196787148595,0.9799196787148595,0.9799196787148595,0.9799196787148595,0.9799196787148595,0.9839357429718875
12,AUT,0.9156626506024096,0.9196787148594378,0.8995983935742972,0.9036144578313253,0.9236947791164658,0.9196787148594378,0.9357429718875503,0.9076305220883535,0.9236947791164658,0.9397590361445783,0.9558232931726908,0.9718875502008032,0.9879518072289156,0.9879518072289156
13,AZE,0.6481333375376356,0.6622325609838832,0.6719588322359149,0.6816851034879466,0.6989972738921425,0.7324630427491551,0.7578073416674073,0.7916299984616076,0.8174205267417517,0.8387487614029756,0.8561502732318761,0.881494572150128,0.8912208434021597,0.8997871094179238
14,BDI,0.5834530126215067,0.589878428775774,0.5999630212498817,0.638516951460374,0.6605603952808616,0.6465486022128007,0.6328936970819274,0.6634154987783635,0.6694840269954431,0.6759094431497105,0.6783187950469496,0.7003622388674374,0.6863504457993764,0.6827806109042402
15,BEL,0.9299424679445835,0.9299424679445835,0.9299424679445835,0.9540388534867521,0.9701031105148644,0.9701031105148644,0.9741191747718926,0.9821513032859488,0.9821513032859488,0.9821513032859488,0.986167367542977,0.986167367542977,0.986167367542977,0.986167367542977
16,BEN,0.4124884023364455,0.41427284202238407,0.41195187602659034,0.4097202514555008,0.4355117352589038,0.45737649622998294,0.44702340172013294,0.47290422694824025,0.46656719669541835,0.4799535997905493,0.5021752486988162,0.48379002567491,0.4895011881931724,0.5144006910344209
17,BFA,0.38544709411044126,0.44345643339477353,0.4621082474079042,0.4963780890872555,0.5230620316144426,0.5573318732937939,0.5675053294309763,0.577678785568159,0.5798201131912852,0.5779453765573835,0.5796404748186178,0.5618801640060123,0.5882965600207156,0.5902596825560629
18,BGD,0.6162035723192556,0.627358350843297,0.6549342743326386,0.6897392090369566,0.6771544899560172,0.7079433604033071,0.7266840380795129,0.7373925872416622,0.7244509802235352,0.7512237864137971,0.7370328327346981,0.7557735104109037,0.7741573001499216,0.780849785055043
19,BGR,0.9198707750344705,0.9359350320625831,0.9314727384436626,0.9358456906378786,0.9358456906378786,0.9358456906378786,0.9358456906378786,0.9353994612759867,0.9394155255330148,0.9313833970189586,0.9277242206991181,0.9317402849561462,0.9232619270801982,0.91924586282317
20,BHR,0.9971448965024982,0.9971448965024982,0.9971448965024982,0.9971448965024982,0.9971448965024982,0.9971448965024982,0.9971448965024982,0.9971448965024982,0.9971448965024982,0.9971448965024982,0.9971448965024982,0.9971448965024982,0.9971448965024982,0.9971448965024982
21,BHS,0.927542671279933,0.912638419488088,0.9105854777664071,0.8960381139117498,0.9100494292181813,0.9436948364478615,0.92156157344104,0.9552069806707201,0.9407489582407672,0.9262015943861098,0.9321807811784851,0.9361968454355131,0.9361968454355131,0.9442289739495694
22,BIH,0.9318210266715207,0.9126331641101642,0.9295898798620607,0.9380682377380088,0.9185234872394646,0.963592652790558,0.9158461110681125,0.9528831481051495,0.9457434783148774,0.9386038085246052,0.9591303591716378,0.9519906893813657,0.9408349553340652,0.9167385697918965
23,BLR,0.9792106804567783,0.9788537925195907,0.9788537925195907,0.9784969045824029,0.9709110054302387,0.9789431339442949,0.9785862460071071,0.9785862460071071,0.9785862460071071,0.9782293580699194,0.9746595231747834,0.9786755874318116,0.9783186994946238,0.9783186994946238
24,BLZ,0.8429425529861536,0.8825671470082089,0.8944361791682552,0.8942570185572172,0.9178173555511601,0.9136221306830942,0.9211182106489245,0.9334334721708628,0.9449456163937214,0.9532448136586318,0.9498531838512747,0.964221387094894,0.9478002421295938,0.951816306386622
25,BMU,0.8634524390744972,0.8639297469136175,0.8660430490728547,0.87074583357983,0.8760295004855007,0.8767077234036101,0.8872726863151992,0.8883955741427103,0.8884082617673353,0.8918844248494645,0.8954671937548105,0.8960833987240074,0.8959226562364009,0.8988204478568504
26,BOL,0.6640470996524762,0.6913554766293344,0.6744871467788833,0.6772529088516809,0.6800186709244783,0.6792145981021397,0.7100928099741339,0.7208907005609877,0.7071459762437807,0.7456994286926436,0.7524812550224692,0.7548007877333746,0.7776468710913127,0.7780037590285005
27,BRA,0.8760605113769379,0.8835565913427682,0.8874828364134625,0.894978916379293,0.9025643377698279,0.9060443534786303,0.9095243691874325,0.9126474969590473,0.9165737420297416,0.920053757738544,0.9231768855101586,0.9222839490247452,0.9217479004765194,0.9180887241566791
28,BRB,0.9160310048187036,0.9154056148457738,0.9504785738242049,0.9334320388859746,0.9323604195511525,0.8674780014657727,0.9467276672715129,0.9497614536184232,0.9165613202273764,0.9520805085676992,0.9429767607188211,0.933962354294647,0.9690353132730781,0.9730513775301063
29,BRN,0.8338111152930501,0.8347389588728354,0.8437729840192394,0.8446837399969166,0.8454976730060757,0.853892714513206,0.8665805054726349,0.8711935121133969,0.8556583137731489,0.8479864902305433,0.884035505831787,0.8804675490857298,0.8876759187761675,0.8854325546018768
30,BTN,0.6206787655021705,0.6723505967720514,0.6797563797899185,0.7153639540316871,0.7135776032992306,0.744722883922079,0.7710489829888193,0.7615873916794946,0.7762221859123383,0.7860377985890743,0.7944258595170594,0.7963889820524067,0.8138807908292701,0.8149514546408332
31,BWA,0.7843369671882868,0.7876383000476807,0.7953125851012902,0.7989708058978717,0.8066450909514815,0.8139624880679032,0.8180669382263769,0.8257412232799864,0.8290425561393803,0.83671684119299,0.8403750619895715,0.8440332827861529,0.8440332827861529,0.8443901707233407
32,CAF,0.3144025065286126,0.34572742552412844,0.3731256216873203,0.40489677004472807,0.4037362870468311,0.3993628570909859,0.398648603454981,0.3942751734991357,0.3858856792862624,0.3734801208163609,0.3771388193745719,0.2815563945049768,0.37874505397273134,0.379548171271811
33,CAN,0.982329508373728,0.982329508373728,0.9783134441167,0.9783134441167,0.9742973798596718,0.9783134441167,0.9742973798596718,0.9662652513456157,0.9622491870885875,0.9542170585745313,0.9943777011448125,0.9622491870885875,0.9622491870885875,0.9622491870885875
34,CEB,0.9328521041976288,0.9342215225618591,0.9369045542030671,0.941191512134116,0.9438551522438962,0.9475850555027306,0.9497159068289651,0.9520098006314374,0.9544262504627704,0.9546719041565566,0.9574204456106279,0.959233491286989,0.9560831661053827,0.9518001385881253
35,CHE,0.9313700196933343,0.9313700196933343,0.9313700196933343,0.9514503409784748,0.9514503409784748,0.9514503409784748,0.9715306622636154,0.9715306622636154,0.9715306622636154,0.9755467265206436,0.9755467265206436,0.9755467265206436,0.9755467265206436,0.9795627907776717
36,CHI,,,,,,,,,,,,,,
37,CHL,0.9389626075083107,0.947261804773221,0.9427096919679672,0.9305716800105489,0.9380677599763795,0.9455638399422099,0.9651081126791249,0.9561830476796551,0.9596630633884575,0.9551109505832036,0.9537717847358982,0.9558242486959495,0.9839366984951464,0.9802775221753061
38,CHN,0.7285511305273437,0.7381885381163006,0.7521988978994733,0.7613900761265381,0.7986937041527996,0.8115440586997048,0.832337200335962,0.849114277715191,0.8574129972184719,0.8653548287845649,0.8736535482878457,0.8811491504920467,0.8890016406334356,0.8960510134757446
39,CIV,0.4996765553768727,0.49798050159237955,0.5325183675458436,0.5585778756233595,0.5168105206932895,0.49548037498554764,0.48182546985467445,0.5006559667172138,0.5151135113855374,0.433096172460482,0.5359071307834241,0.5467054991319071,0.4928899514307527,0.5342105992373013
40,CMR,0.449229227163233,0.4869800400746455,0.5045611902762132,0.5258015167976211,0.5518610248751369,0.5610531586254607,0.5906825015981126,0.5717621855492395,0.5978216936267554,0.5909495703489667,0.6205789133216185,0.6297710470719423,0.6197753182609095,0.6173654886020409
41,COD,0.265579567855051,0.2968151454258624,0.3321561286784062,0.3514328549028376,0.36223122325132073,0.3855240137327803,0.37222599653909477,0.4075669797916386,0.4183653481401218,0.4215778173364407,0.4163119286568113,0.435231766944055,0.4420140710355101,0.45281243938399324
42,COG,0.3067320435680385,0.3618858015932395,0.42516102955720103,0.3839292454137273,0.41498661789675945,0.40998875349124314,0.4530943187453597,0.4319428558870266,0.48308054965519936,0.5177970984580721,0.5086938283708233,0.5116387510546588,0.5142267858013065,0.5154761324622783
43,COL,0.8446462509567176,0.8468769200045484,0.8531236533094071,0.863832680233186,0.8616903970868006,0.8558889376205752,0.8657948472452741,0.8439291307509361,0.8417868476045509,0.8440175166523817,0.8699876833051933,0.8638293359017798,0.8615977113306904,0.8740921334636668
44,COM,0.5814177480801149,0.5682085945495041,0.6068513884230712,0.57356191360732,0.5720440649106061,0.5708831041510797,0.6179149144758906,0.632461322807289,0.607203976505594,0.6381715298022926,0.6647661309047753,0.6676212344022772,0.674492402156807,0.6905566591849195
45,CPV,0.7008084682293293,0.7149965553386517,0.7296308718098662,0.7434620709820008,0.7621124517102432,0.7759436508823779,0.7905779673535923,0.804855395887619,0.8146705308027254,0.8209158308226959,0.8107399858773662,0.8210013501543648,0.838937955008232,0.8356356666255792
46,CRI,0.9312883224547011,0.9136173530667997,0.9115644113451187,0.9171867102003063,0.922809009055494,0.9247721315908409,0.9223623019319724,0.891840022473907,0.9014783855861227,0.9026383908223904,0.9323570752197464,0.9375331447130418,0.9540436311030464,0.9464577319508822
47,CSS,0.8644489167741579,0.8499774816809649,0.8750081325875375,0.8757186256512789,0.8776198301730651,0.8652737626026417,0.8886546773237184,0.8959704788437716,0.8954396300926923,0.8950746538989026,0.8950620637173912,0.9099610369228087,0.9080762929330662,0.9065433471328385
48,CUB,0.9128185356223849,0.9203146155882154,0.9230808554226423,0.9221879189372287,0.9172789181947874,0.92441811022343,0.9311110728901807,0.9382502649188237,0.9413733926904383,0.9444965204620527,0.9476196482336675,0.9499396587062024,0.9516352347290661,0.9529739228147421
49,CUW,0.8634524390744972,0.8639297469136175,0.8660430490728547,0.87074583357983,0.8760295004855007,0.8767077234036101,0.8872726863151992,0.8883955741427103,0.8884082617673353,0.8918844248494645,0.8954671937548105,0.8960833987240074,0.8959226562364009,0.8988204478568504
50,CYM,0.928939086620777,0.9276386467661202,0.9289772392994703,0.9317949545368859,0.9363463984758585,0.9355049373934335,0.9433714191253985,0.9436773094212274,0.9421473801804546,0.9440597917314205,0.9473363901887417,0.9455004750998146,0.9431929273806419,0.9453857304067567
51,CYP,0.9477911646586344,0.9477911646586344,0.9477911646586344,0.9477911646586344,0.9518072289156626,0.9518072289156626,0.9518072289156626,0.9518072289156626,0.9518072289156626,0.9518072289156626,0.9477911646586344,0.9477911646586344,0.9477911646586344,0.963855421686747
52,CZE,0.9918794855844983,0.9878634213274703,0.9878634213274703,0.9883096506893624,0.9883096506893624,0.9923257149463902,0.9883096506893624,0.9923257149463902,0.9927719443082822,0.9927719443082822,0.9927719443082822,0.9967880085653104,0.9967880085653104,0.9967880085653104
53,DEU,0.9770645752173577,0.9810806394743858,0.985096703731414,0.985096703731414,0.985096703731414,0.9891127679884422,0.9891127679884422,0.9891127679884422,0.9891127679884422,0.9891127679884422,0.9891127679884422,0.9891127679884422,0.9891127679884422,0.9891127679884422
54,DJI,0.626279087322404,0.6411842946375079,0.6162857473195184,0.6351176774669461,0.6423476442051814,0.6696579322285573,0.6648397061957083,0.7082142512471966,0.711428153728404,0.706609927695555,0.7025938634385268,0.6905456706674425,0.6552042096532692,0.6672524024243535
55,DMA,0.9075593356055677,0.9075593356055677,0.9075593356055677,0.9035432713485396,0.8995272070915115,0.8955111428344834,0.9099921355406725,0.9129509384571107,0.9158322434081844,0.9187346830250238,0.9208257709206168,0.8991815054365718,0.9049874869879786,0.9140814920335574
56,DNK,0.9825081912231366,0.9865242554801648,0.9865242554801648,0.9825081912231366,0.9624278699379961,0.958411805680968,0.9503796771669117,0.9383314843958274,0.9423475486528555,0.9503796771669117,0.9624278699379961,0.958411805680968,0.9624278699379961,0.9664439341950241
57,DOM,0.8113548650944488,0.800644882647411,0.7943971938192934,0.7877032756292838,0.7970736144673866,0.8020710011112735,0.8074252756923483,0.8119764329743432,0.8169738196182302,0.8255410411572534,0.8296459690773563,0.8101007408171826,0.8303592671901022,0.8384802593672335
58,DZA,0.821701748703116,0.8338388051372752,0.821076358730186,0.8283942336082374,0.8602547233903494,0.8631996460741848,0.8464211354100675,0.8617711388021752,0.8723019606381749,0.8712308190649822,0.8701596774917896,0.8690885359185971,0.8675711649835125,0.8665000234103197
59,EAP,0.7168644451074555,0.7287332946497312,0.7452860624026814,0.7539214580924165,0.7788891494711642,0.7853870556803901,0.8031381798596225,0.8151965772255672,0.8234988815160809,0.834041026452733,0.8424445812563724,0.849300544592853,0.8497132157348827,0.855833049985649
60,EAR,0.6018815198367155,0.6168541712409646,0.6347040329402359,0.652695586941393,0.6631904830215002,0.6714711757323008,0.6830086168345949,0.6983108383305464,0.714615880410231,0.7267421997149045,0.7283746241082554,0.7341964907837748,0.7429158291578255,0.7483611637894164
61,EAS,0.7416035358402283,0.752201906531877,0.7674571556768206,0.7751599708212996,0.7979697330620895,0.8032433089460111,0.8195245742994427,0.8304470811425896,0.8382397502989368,0.8479021174742489,0.8557449582870897,0.8612780450628007,0.8618794224054316,0.8671442882202495
62,ECA,0.8799213042689277,0.8760118658921625,0.8851245890194743,0.8983184270621423,0.9060739471554733,0.9112317913887216,0.9129402249007231,0.9061631263401487,0.904357507657276,0.9108240683548355,0.9142399169083767,0.9214056168983028,0.9125759866530706,0.9157498551965225
63,ECS,0.9202141337645534,0.9193559377231425,0.9248110054084414,0.9324471124270897,0.9392138929659662,0.9431054363534735,0.9443929838700339,0.9407981866628233,0.9406363165459787,0.9447160756534937,0.9477517685278829,0.9515053382664843,0.9467053972403784,0.9484755020113811
64,ECU,0.8143953401041711,0.8205522542226961,0.8267091683412212,0.8087696969175774,0.8309908680642151,0.8408069585025805,0.8474101019829975,0.8495509518444943,0.8476757374489631,0.8494596993732725,0.8636487420058536,0.873464832444219,0.8307151996040313,0.8266991353470031
65,EGY,0.9280806308746765,0.9369149211645534,0.9381633123022665,0.9473544905293312,0.9521727165621803,0.9534211076998931,0.9381590124476015,0.9554716606134268,0.9614508474058021,0.9627895354914782,0.9516338014441779,0.9650206823009383,0.9534187188917459,0.9502951133585018
66,EMU,0.9553173248807547,0.9613381539970218,0.9637821418640128,0.9642917246402111,0.9692651606291868,0.9723280685129637,0.9730172919775972,0.9726029487114016,0.9721160938504849,0.9732907014063034,0.9748187513339239,0.9734483987332404,0.974140557375807,0.9726504085066002
67,ERI,0.40793772281607993,0.4477409996875439,0.46710706733667967,0.4668390430625667,0.47014085368359,0.48227791011774906,0.48557972073877237,0.4973598892357438,0.500661699856767,0.5044097398396823,0.5040523741408651,0.4887912344118324,0.47388698261998746,0.45460977863392665
68,ESP,0.9911647541868641,0.995627047805784,0.9916109835487562,0.9916109835487562,0.9916109835487562,0.9916109835487562,0.995627047805784,0.995627047805784,0.9835788550346999,0.9916109835487562,0.9916109835487562,0.9835788550346999,0.987594919291728,0.987594919291728
69,EST,0.9692130405992277,0.9692130405992277,0.9736753342181479,0.9740322221553357,0.9744784515172276,0.9744784515172276,0.9709086166220916,0.9709086166220916,0.9717117339211713,0.9676956696641431,0.9676956696641431,0.9681418990260351,0.9641258347690069,0.9641258347690069
70,ETH,0.12975910303120644,0.13877159840886266,0.15188949946825128,0.18508772181278046,0.2138236505383896,0.2470218728829188,0.28022009522744795,0.31386454693386917,0.34706276927839835,0.3762449273658995,0.3773146356542038,0.37802745600532034,0.42327387112093384,0.4360348842431348
71,EUU,0.9485950963749753,0.9513429608055405,0.9530959406371267,0.9548778846381589,0.9602490262775952,0.9633812489154043,0.9641367980952982,0.9643314718129216,0.9663226003364517,0.9678631299390354,0.9708594136073696,0.970784297864293,0.9706948373991943,0.9702649973014652
72,FCS,0.444879079926499,0.459188264627469,0.477123616420385,0.4882501233540075,0.488637181057015,0.4970343256337943,0.5025271297901622,0.521724479867616,0.5342793235460027,0.5299632304578022,0.5354856313729182,0.5372188861654896,0.5317675271496196,0.5456139978819451
73,FIN,0.9790296087992226,0.9830456730562508,0.9830456730562508,0.9830456730562508,0.9830456730562508,0.9870617373132787,0.9830456730562508,0.9874186252504664,0.9874186252504664,0.9834025609934386,0.9834025609934386,0.9834025609934386,0.9793864967364104,0.9753704324793823
74,FJI,0.8267058240098152,0.8382170127094151,0.853833607090747,0.8690039721101872,0.8846205664915193,0.8997909315109593,0.9073753973782352,0.9141567459464315,0.9209380945146276,0.9281656724447159,0.9285225603819036,0.9285225603819036,0.9289687897437956,0.9289687897437956
75,FRA,0.9431516214751942,0.9471676857322223,0.9511837499892505,0.9471676857322223,0.9551998142462784,0.9592158785033066,0.9551998142462784,0.9551998142462784,0.9551998142462784,0.9551998142462784,0.9592158785033066,0.9551998142462784,0.9632319427603346,0.9632319427603346
76,FRO,0.9438284465659859,0.9481992197010625,0.9515491094558186,0.9526482525215852,0.9543598477087697,0.9564276349991311,0.9552203879604882,0.9545455088743825,0.9525732855626307,0.9560752400188696,0.9593077419101315,0.9595889271021617,0.9531416887276846,0.9494995320416396
77,FSM,0.6881453962411626,0.7068851183941094,0.6891233742966154,0.7399916105057871,0.6941174166090963,0.7369535243042118,0.7191917802067179,0.7258833095885805,0.7081215654910863,0.763005865957286,0.7653244431449329,0.7653244431449329,0.7335528170258957,0.6974082387126427
78,GAB,0.5420482787681776,0.5463318895376893,0.5506155003072007,0.5544528817148203,0.5582902631224398,0.590596982266444,0.6140684555973119,0.6013953506149271,0.6007704384036264,0.6442328915949307,0.6436079793836301,0.6425368378104375,0.6093371821810202,0.6378065199174047
79,GBR,0.9409199969041048,0.9288718041330203,0.9248557398759921,0.9288718041330203,0.9409199969041048,0.9449360611611328,0.9449360611611328,0.9449360611611328,0.9569842539322172,0.9610003181892454,0.9690324467033014,0.9730485109603295,0.9730485109603295,0.9810806394743858
80,GEO,0.8425756320547476,0.8472170862847058,0.8888062361269965,0.905852771065227,0.9310207759422177,0.9364653474712555,0.9370907374441856,0.8822943451178018,0.9274533298552287,0.9168336443561541,0.9258480507803281,0.9428945857185583,0.9233503129816434,0.9390581598341976
81,GHA,0.4779966881563847,0.4933466915484923,0.512266529835736,0.519048833927191,0.5339526079574066,0.5805386666819551,0.5511763924601571,0.5857142584136211,0.5924965625050761,0.5908898501452872,0.585177732103766,0.5951729831531694,0.6124865868422537,0.6057038049891691
82,GIB,0.9438284465659859,0.9481992197010625,0.9515491094558186,0.9526482525215852,0.9543598477087697,0.9564276349991311,0.9552203879604882,0.9545455088743825,0.9525732855626307,0.9560752400188696,0.9593077419101315,0.9595889271021617,0.9531416887276846,0.9494995320416396
83,GIN,0.32243845713570435,0.3367173189546193,0.3509961807735343,0.36125897833542114,0.36750571164027995,0.39784883048730735,0.39606343527810983,0.3942780400689123,0.42096198259609935,0.44327297292907053,0.4455036419769011,0.45532021017689606,0.4217631888486613,0.42658237040476915
84,GMB,0.7479191092229972,0.7502395974571615,0.7605922142053821,0.7593428675444104,0.7536312272645184,0.7519356512416547,0.7703203965039315,0.789062029703396,0.7753182609094479,0.7739795728237718,0.7923643180860487,0.7967372702802645,0.7971834996421565,0.8015564518363724
85,GNB,0.3890159734823185,0.40275926451463717,0.41730567284603554,0.4310489638783543,0.43354717943866844,0.43970457131882273,0.4422027868791368,0.44479034386415517,0.4834331377377222,0.5225221609731813,0.5251097179581996,0.5346587396457111,0.5438508733960349,0.5526861192091708
86,GNQ,0.49819023894770137,0.4967626871989505,0.49497824751301184,0.49355069576426097,0.4922124854402144,0.4907849336914634,0.4893573819427126,0.488019171618666,0.486591619869915,0.4856102974830563,0.42001505904655984,0.44669995709700566,0.45517831497295386,0.387351451965368
87,GRC,0.9543097443306415,0.9638587660181531,0.9693917234486363,0.9749246808791198,0.984919931928523,0.9904528893590063,0.9919697825324615,0.993129787768729,0.9946466809421842,0.9957173447537473,0.9964311206281229,0.9964311206281229,0.9883989921140666,0.9883989921140666
88,GRD,0.9656422501808327,0.977690442951917,0.8772888365262143,0.977690442951917,0.9736743786948888,0.9736743786948888,0.977690442951917,0.9736743786948888,0.9616261859238046,0.9616261859238046,0.9576101216667765,0.9576101216667765,0.9576101216667765,0.977690442951917
89,GRL,0.9717728055077454,0.9691336775674125,0.9683304647160069,0.970166379804934,0.9725760183591509,0.97039586919105,0.9772805507745267,0.9754446356855996,0.9725760183591509,0.9731497418244407,0.9746414228341939,0.9728055077452668,0.9708548479632818,0.9726907630522087
90,GTM,0.7488149122781872,0.7624688618858017,0.7721067472363877,0.7696964398158898,0.7833503894235041,0.7528276322038093,0.7986100958676486,0.7877214305712021,0.7973593159217884,0.7865599920500466,0.807799840809825,0.7812931478471583,0.70936087915784,0.7506815269643886
91,GUM,0.8923287043691573,0.8877389166468396,0.8714578240906251,0.8909644219104759,0.8982059914311403,0.9100373486741228,0.8906582449576695,0.8855647599746049,0.8852778982419599,0.9077231395928024,0.9137472359783446,0.9206319175618214,0.9088705865233818,0.90227276667255
92,GUY,0.8500860448694612,0.8390191744852357,0.8400004968720948,0.8610621405440941,0.8580273986739249,0.8871211708599804,0.8881024932468393,0.9011320084047826,0.8980972665346134,0.9155890753114767,0.9231749744636409,0.926744809358777,0.9303146442539131,0.9342413670862367
93,HIC,0.963407454046345,0.9668818950089578,0.9682531991621447,0.9674824905161831,0.9691841665661322,0.9694422638583388,0.9702295753138674,0.9674591142205083,0.9714594054833339,0.9722743998857153,0.9739680156263638,0.9746706517000673,0.9764023124442366,0.9756625323654649
94,HKG,0.773313806910584,0.7800521264367078,0.7925040786103699,0.7999088959398373,0.8072168903007864,0.8154410354565539,0.8276161373618939,0.8335963148135593,0.8410466757316212,0.8461920785412328,0.8474636866401267,0.8573110934760569,0.8601616062067409,0.8620197544651594
95,HND,0.7843250231475509,0.7763808027733107,0.7692396996981502,0.7894079291231068,0.8015440300340071,0.801631938173823,0.801719846313639,0.8215311878014079,0.825635160198252,0.8293822446579083,0.836699164012701,0.8444623127293852,0.8517792320841777,0.8544566082555298
96,HPC,0.34293229542063103,0.3635652634610997,0.37831013036433503,0.39468124570563984,0.4097977810856257,0.424531822566206,0.4286457615312193,0.4487634956523863,0.46321025569332724,0.46913873120481053,0.4817561060594449,0.4875508251606786,0.49495397877744574,0.5047412478797034
97,HRV,0.9671600988775468,0.9676063282394388,0.9717117339211713,0.9721579632830633,0.9685881283879271,0.9730504220068473,0.9811718919456077,0.9695699285364153,0.9740322221553357,0.9744784515172276,0.9709086166220916,0.9673387817269554,0.9677850110888474,0.9634120588946314
98,HTI,0.37437162401688595,0.3801721279598527,0.3818672262210871,0.3872215008021618,0.3921295460213445,0.3966807033033395,0.40515858341765826,0.4092635113377612,0.4133684392578642,0.4170271378160752,0.41666977211725803,0.4158661770565488,0.36651292297431454,0.36811915757247404
99,HUN,0.9866150301897573,0.9875074889135415,0.9883999476373253,0.9892924063611095,0.9901848650848936,0.9915235531705696,0.9924160118943535,0.9928622412562454,0.9928622412562454,0.9928622412562454,0.9928622412562454,0.9928622412562454,0.9928622412562454,0.9928622412562454
100,IBD,0.6907074299098337,0.7027837199732798,0.7172446019433746,0.7292574103915165,0.7457123999010581,0.7537615852184597,0.7669345321762835,0.782496140397725,0.7938246980389455,0.804755258446157,0.8103819218502077,0.8141500663720228,0.8189356473458195,0.8245916726646705
101,IBT,0.6293098432253516,0.6417073280362896,0.6567221186340655,0.6699578693126659,0.6837500210432247,0.6916272587740063,0.7042685328036065,0.7192593204430063,0.7295424778432452,0.735044719511206,0.7389381159753331,0.7432798131247487,0.7493071630881954,0.7551599166615262
102,IDA,0.44411747951102926,0.4585030708265538,0.47595741439312667,0.4929142538750145,0.50255967778953,0.5120198636547492,0.5250535976411629,0.540344254044142,0.5502056692109584,0.548334348084829,0.5500706520885302,0.5536745738021169,0.5630783393105071,0.5701901890708673
103,IDB,0.4733627931453552,0.48064750123254923,0.4987777737407648,0.516614781606441,0.5277785203372867,0.5238671379640896,0.5537364880613557,0.5607539342101404,0.5713652910434658,0.5573290778814188,0.5511886833746352,0.5505213159695757,0.5644087303877428,0.5646312962436778
104,IDN,0.6178977150572311,0.6326223284764086,0.6469007125336942,0.6572523737586558,0.6715307578159414,0.6661750499499783,0.6724213054932076,0.670278544585193,0.6930352865184268,0.7069567826385246,0.7208782787586223,0.7223053527457438,0.7040983348096167,0.7074894868553443
105,IDX,0.4287957281068775,0.44655919173330677,0.46374822561174306,0.4803952762785681,0.48938384681150976,0.5055571964184374,0.5106240093641442,0.5301415250520117,0.5397449355692646,0.5442988599929153,0.5495708793194495,0.5554651975785062,0.5626035022898267,0.572339678443253
106,IMN,0.9438284465659859,0.9481992197010625,0.9515491094558186,0.9526482525215852,0.9543598477087697,0.9564276349991311,0.9552203879604882,0.9545455088743825,0.9525732855626307,0.9560752400188696,0.9593077419101315,0.9595889271021617,0.9531416887276846,0.9494995320416396
107,IND,0.49083223209277743,0.5149276621116873,0.5390230921305971,0.5631185221495069,0.5751657593973324,0.5867667672832659,0.6028300687881194,0.6349576273210854,0.6582499400409154,0.674313241545769,0.6778821209176463,0.6854670645465516,0.7015303660514052,0.7099193825026492
108,IRL,0.842580409671042,0.8634638482552622,0.8763151583254264,0.8891664683955905,0.8980017142087263,0.9028208957648344,0.9116561415779701,0.9161184351968904,0.9169215524959701,0.9257567983091061,0.9270061449700777,0.9278092622691575,0.9326284438252653,0.9326284438252653
109,IRN,0.9069349011558966,0.9113962392515577,0.9038093845761347,0.9002385941577398,0.9243340241766496,0.9204063458210668,0.9284375188118642,0.9361118038654738,0.940573141961135,0.9435175868833413,0.9410184157997681,0.9425353089732234,0.9469976025921435,0.9473544905293312
110,IRQ,0.7457605821812111,0.7347825754600605,0.72380456873891,0.7288908190458718,0.7054183901917449,0.718536769012763,0.7718157904040622,0.7969823619961646,0.7775259973990657,0.7902874882828961,0.763245224533633,0.7437888599365342,0.7201387037562575,0.7201387037562575
111,ISL,0.9635888306975224,0.9716209592115786,0.9716209592115786,0.9595727664404943,0.9796530877256348,0.9796530877256348,0.9836691519826629,0.9676048949545505,0.9716209592115786,0.9756370234686068,0.9595727664404943,0.9635888306975224,0.9595727664404943,0.9716209592115786
112,ISR,0.9839357429718875,0.9879518072289156,0.9919678714859438,0.9799196787148595,0.9879518072289156,0.9919678714859438,0.9959839357429718,0.9919678714859438,0.9879518072289156,0.9919678714859438,0.9879518072289156,0.9959839357429718,0.9919678714859438,0.9959839357429718
113,ITA,0.9259264036875553,0.9379745964586396,0.9460067249726959,0.9500227892297239,0.9540388534867521,0.9620709820008083,0.9620709820008083,0.9620709820008083,0.9660870462578365,0.9620709820008083,0.9620709820008083,0.9620709820008083,0.9500227892297239,0.9419906607156677
114,JAM,0.8506206601327987,0.8192952633756535,0.8514237774318785,0.8437485368550098,0.8561536175632819,0.8127800280350524,0.8613296870565774,0.8616865749937652,0.8660595271879811,0.8624896922928449,0.8829269015151732,0.887299853709389,0.8792677251953328,0.8752516609383046
115,JOR,0.9625186446475887,0.9665347089046169,0.9789397896128887,0.9632324205219641,0.9797429069119685,0.9640355378210437,0.9640355378210437,0.9643924257582315,0.9767975064665037,0.9767975064665037,0.9771543944036912,0.9731383301466633,0.9771543944036912,0.9610901373755789
116,JPN,0.9959839357429718,0.9959839357429718,0.9959839357429718,0.9959839357429718,0.9919678714859438,0.9879518072289156,0.9839357429718875,0.9799196787148595,0.9799196787148595,0.9799196787148595,0.9879518072289156,0.9839357429718875,0.9959839357429718,0.9879518072289156
117,KAZ,0.9447597671198714,0.9607346827232796,0.9607346827232796,0.9606453412985752,0.9601991119366833,0.960555999873871,0.9604666584491667,0.9600204290872747,0.9603773170244624,0.9599310876625703,0.9482397828286738,0.9598417462378661,0.9593955168759741,0.9593955168759741
118,KEN,0.44906535492433686,0.4292525801516797,0.4379984845401115,0.4262178382815105,0.46298685104443466,0.4797648839469226,0.5242091372867153,0.5208175074793583,0.5166227603729217,0.5249224353994612,0.5533024317111416,0.4771754159153865,0.5055554122270668,0.48993738456084635
119,KGZ,0.8781870283895515,0.8856835861170115,0.8896103089493353,0.893537031781659,0.8889853967380347,0.9009442480844148,0.9048709709167385,0.9083514643871705,0.9122781872194942,0.9081727815377619,0.9156693392652216,0.9236121263545737,0.9154906564158131,0.9314655720192212
120,KHM,0.2845032282353301,0.35304243383240314,0.4291675385816404,0.44148184458031975,0.4533499212171073,0.47405324366703067,0.5305442564930195,0.558833478095107,0.5631156555797303,0.5557065282304569,0.5563295293952398,0.5609685948170507,0.5937201100380586,0.6128171978898224
121,KIR,0.5474068532039172,0.4880578703106502,0.42790577011830333,0.5484765614922216,0.45699906454272954,0.5896180486877322,0.5097425151474324,0.5544543149997085,0.587028580656196,0.5955958021952191,0.604073682309538,0.6045199116714299,0.5924717189003456,0.5768536912341252
122,KNA,0.9470893328249949,0.9430732685679667,0.9430732685679667,0.9470893328249949,0.9470893328249949,0.9470893328249949,0.9349457511727916,0.9364484372241084,0.9379323396997835,0.9394256339632795,0.9241959768906959,0.9416202663280911,0.9185270252580177,0.9270221435284256
123,KOR,0.9674252565818832,0.9660865684962071,0.9803659080767515,0.9825970548862114,0.9848282016956715,0.9589468987059347,0.9611780455153949,0.965194109772423,0.9852744310575635,0.9892904953145917,0.9892904953145917,0.9569855649990142,0.9587185953114784,0.9554600832269647
124,KWT,0.9875055778670236,0.9875055778670236,0.9875055778670236,0.9955377063810799,0.9955377063810799,0.9955377063810799,0.9955377063810799,0.9955377063810799,0.9915216421240517,0.9955377063810799,0.9955377063810799,0.9955377063810799,0.9754573850959393,0.9714413208389111
125,LAC,0.8446602792798675,0.8502427329149419,0.8512473332164632,0.8538780326360036,0.8641087778013544,0.8657831192634936,0.8742885463224818,0.8739161854858587,0.8749359272206375,0.8833303770809765,0.8904152910261365,0.8791369906721308,0.8854507064267158,0.8869308734837542
126,LAO,0.3657924584371271,0.33446419511020525,0.33133772300718456,0.3722986163067688,0.4212916381204093,0.41004369607862806,0.4783139218783294,0.526860714330078,0.5670184903305824,0.6067300369691949,0.6380525671565634,0.6978444350803166,0.7371990937817413,0.7435351685113044
127,LBN,0.72451452252025,0.7047022255092222,0.7294235232626914,0.7541448210161609,0.7828821830266581,0.8076034807801272,0.8319678905964089,0.8366088670647377,0.8412498435330664,0.846337049363287,0.846337049363287,0.846337049363287,0.846337049363287,0.846337049363287
128,LBR,0.3431436906321455,0.3273469801165165,0.30833732264293917,0.397404512171933,0.40606107513566037,0.4429194293232888,0.46808647867702075,0.500928768607621,0.4332801106878143,0.4621063363613866,0.5033376427432309,0.48432798526965337,0.42480079728860715,0.4539839108993671
129,LBY,0.8041086544608126,0.8274241386196702,0.8427847262694147,0.8380135046307231,0.8452904757631158,0.8485942893078932,0.8521348521155027,0.8553442709875722,0.8584592951869338,0.8606062477771689,0.8671006984066502,0.8615829007201778,0.8517572734246711,0.8751797718648874
130,LCA,0.9146961388260632,0.884798293817669,0.907555513512532,0.9061270062405224,0.9088039046502451,0.9113914616352634,0.9337024519682346,0.9367362383151451,0.9232595382720508,0.909872179653661,0.9446775921196086,0.9473544905293312,0.9495851595771617,0.9415530310631056
131,LCN,0.8489070297346135,0.8544731122901167,0.8553611458034407,0.8575775823102832,0.8675904405401321,0.8694011062440485,0.8780587804357148,0.8774778127793003,0.8785017173517352,0.886499544586087,0.8932743944224208,0.8823947189533277,0.8891485767482791,0.8904334027473354
132,LDC,0.4026093398563982,0.42003158062393015,0.4374760835964251,0.45158889809591335,0.4619918908876248,0.4833099141282277,0.48849091666875405,0.5069507895753089,0.5186908108856462,0.5250763313827488,0.5311614099928957,0.5361434647585993,0.5442515102801821,0.5526963911398826
133,LIC,0.3409341626828282,0.36126687849706185,0.3752230210123401,0.39215076103516094,0.4103672887301099,0.4234987616796122,0.42857744934952174,0.45181294575203484,0.46488063720284867,0.47373822206603555,0.48312835354669176,0.4864466716682118,0.49444989992779814,0.4990634117048067
134,LIE,0.9438284465659859,0.9481992197010625,0.9515491094558186,0.9526482525215852,0.9543598477087697,0.9564276349991311,0.9552203879604882,0.9545455088743825,0.9525732855626307,0.9560752400188696,0.9593077419101315,0.9595889271021617,0.9531416887276846,0.9494995320416396
135,LKA,0.8600784293490881,0.8685558317017773,0.8653419292205702,0.886313753706236,0.8951480439961129,0.8996093820917741,0.9088899017435432,0.9133512398392046,0.9306638880050299,0.9391412903577193,0.9479755806475963,0.9568992123621777,0.962878399154553,0.962878399154553
136,LMC,0.5589859637684548,0.5747080438399911,0.595379224675653,0.6123266453820474,0.6204610269099993,0.6286823710945755,0.643682596054905,0.6603280852028514,0.6745151480956526,0.679849049905659,0.6817547820557505,0.6891121690957416,0.6955505755183738,0.7034357149206283
137,LMY,0.6279429413081944,0.640355711234607,0.6554346908143109,0.6687396388169481,0.6825424024000638,0.6904722518062307,0.703094519870496,0.7181515842067362,0.7284820166554358,0.7340137414168479,0.7379371653715113,0.7422758872481712,0.7482745462428909,0.7541633134500998
138,LSO,0.5549134439255953,0.5857027921345147,0.5840067383500216,0.5826675725027161,0.5813284066554106,0.5796323528709174,0.578293187023612,0.5966774545242592,0.6149723806002024,0.6333566481008498,0.6316605943163566,0.6303214284690511,0.6326414389415861,0.6338907856025577
139,LTE,0.7827363123334976,0.789558278428392,0.801263150500855,0.8095934404888799,0.8325617849409016,0.8401617937733832,0.8566396765591758,0.8682415017022107,0.8753791870448667,0.8812566380471435,0.8882416817391139,0.8943616768873577,0.8994781767907911,0.9040774336944891
140,LTU,0.914068360044986,0.9172808292413049,0.9204932984376238,0.9196897033769148,0.9229021725732337,0.9261146417695526,0.9293271109658715,0.9285235159051624,0.9317359851014814,0.9265594378465565,0.9257558427858471,0.9289683119821661,0.9321807811784849,0.937624397184264
141,LUX,0.9717112561595419,0.9757273204165698,0.9757273204165698,0.9757273204165698,0.9757273204165698,0.9793864967364104,0.9793864967364104,0.9793864967364104,0.9793864967364104,0.9793864967364104,0.9914346895074946,0.9914346895074946,0.9914346895074946,0.9914346895074946
142,LVA,0.9245150958342051,0.9267457648820359,0.9286195459926788,0.9308502150405094,0.9322777667892602,0.9221033551288188,0.9283500884336777,0.9141596125162081,0.9276353570360433,0.9178178333127894,0.9116594859093762,0.937629652562188,0.9358442573529903,0.9412878733587693
143,MAC,0.773313806910584,0.7800521264367078,0.7925040786103699,0.7999088959398373,0.8072168903007864,0.8154410354565539,0.8276161373618939,0.8335963148135593,0.8410466757316212,0.8461920785412328,0.8474636866401267,0.8573110934760569,0.8601616062067409,0.8620197544651594
144,MAF,0.8634524390744972,0.8639297469136175,0.8660430490728547,0.87074583357983,0.8760295004855007,0.8767077234036101,0.8872726863151992,0.8883955741427103,0.8884082617673353,0.8918844248494645,0.8954671937548105,0.8960833987240074,0.8959226562364009,0.8988204478568504
145,MAR,0.7662083021593871,0.7555871833754241,0.781467530841902,0.7952996855372955,0.7935138125664686,0.7993138387478059,0.8095761585480634,0.823408313243457,0.8288514514876063,0.838310653988784,0.8442000215948257,0.8496431598389752,0.850892506499947,0.8516956237990269
146,MCO,1.0,1.0,1.0,1.0,1.0,1.0,1.0,1.0,1.0,1.0,1.0,1.0,1.0,1.0
147,MDA,0.8195704540742078,0.8292088171864237,0.8316181690836628,0.8372404679388504,0.8351875262171696,0.8375968781144086,0.8351870484555399,0.8170698497057467,0.8475916514021827,0.8251015004581733,0.8275108523554126,0.8294739748907598,0.827867262530971,0.8238511982739428
148,MDG,0.258452319867144,0.2784432997275803,0.33823803422111004,0.322887553067373,0.31565854185239656,0.3601921366168934,0.3208346113456921,0.2970951137407111,0.314319376005091,0.3026280711711944,0.30298495910838213,0.31583626917854624,0.3245821735669779,0.30485874021902504
149,MDV,0.914785958012397,0.9188894526476118,0.9314713051587745,0.9392339761138295,0.9469966470688846,0.954402430086752,0.9614513251674316,0.9725162845051392,0.974745998029711,0.974566837418673,0.9825989659327292,0.9866150301897573,0.9866150301897573,0.9862581422525696
150,MEA,0.847995405520784,0.8502092729401118,0.8546028817540513,0.858228768883612,0.8612599987488215,0.8655047828088173,0.8690220363979327,0.8793885011717985,0.8824993522725487,0.8846640434441375,0.874157439521992,0.8969461735297471,0.8905946233824967,0.889556533667126
151,MEX,0.857407741840548,0.862940221509402,0.8681158132410681,0.87320206354803,0.8787345432168839,0.8834639055866579,0.8885501558936197,0.8937257476252859,0.8944390457380318,0.9112166008788902,0.9199620275056924,0.8845307473051855,0.9213886237311845,0.9217455116683722
152,MHL,0.7911030273843411,0.8334943390024527,0.7554037229097211,0.8222483080071893,0.8646396196253011,0.8588381601590757,0.8293865445125732,0.7994886995041791,0.8780245894355438,0.8441106801701214,0.8061807066476708,0.8124274399525296,0.8127843278897173,0.7970769587987926
153,MIC,0.6591602046880787,0.6707200591884973,0.6864875938445264,0.6996593295611554,0.7131036308359352,0.720630955997354,0.7351421601883402,0.749171581852545,0.7594970792438253,0.7654001062396869,0.7683948074455073,0.7735537233719693,0.7796441135635174,0.7864429632102512
154,MKD,0.9564577606165799,0.9484256321025238,0.9484256321025238,0.9491394079768992,0.9414641674000307,0.9502100717884624,0.958955976176894,0.9512807356000256,0.9604728693503493,0.9571705809676967,0.9531545167106686,0.9527976287734808,0.9407494360023966,0.924685178974284
155,MLI,0.31743581511389357,0.33225024771940487,0.3666987722481647,0.4175684417422247,0.40784025944367525,0.41096338721528997,0.4413958474870216,0.46013700292485665,0.4910156925584804,0.47762833394009063,0.4919965371837099,0.5151999862404651,0.5175199967130001,0.5121647666086664
156,MLT,0.8634538152610443,0.963855421686747,0.9799196787148595,0.9477911646586344,0.9799196787148595,0.9196787148594378,0.9156626506024096,0.9317269076305221,0.8955823293172691,0.9397590361445783,0.9759036144578314,1.0,0.9959839357429718,0.9598393574297188
157,MMR,0.6476015888440748,0.6699116236537872,0.704716080596476,0.7069457941210476,0.6932005920422112,0.7155106268519235,0.7302347625094717,0.7602200378960525,0.7745872856164128,0.7844922397178532,0.7783329367911809,0.7871681826043169,0.7956465404802651,0.7803854007512324
158,MNA,0.832299199940069,0.8346033329445347,0.8385515662257602,0.842349846171083,0.8458543788145693,0.8499135506304167,0.8530839767757344,0.8641603627819442,0.8675621811203681,0.8696807149466492,0.8578614963001615,0.8834128211557984,0.8764555030346601,0.8752307060198522
159,MNE,0.9211081660019836,0.9278555468835994,0.9335340584729429,0.9366027680296926,0.9246847012126546,0.9273615996223771,0.9263793217122595,0.9170080273508977,0.9357491827887329,0.9424421454554835,0.9414598675453658,0.9356584080791404,0.8901425354045255,0.8434666574936435
160,MNG,0.6304805230916528,0.6372623494214784,0.6480602400083321,0.6455605911631298,0.6595714287079318,0.6610878441197577,0.6621580301696913,0.6548391997683812,0.6711705255473476,0.6794697228122578,0.6877689200771681,0.6832168072719141,0.6902666578758527,0.6933004442227632
161,MNP,0.8237125791497454,0.8217996898371501,0.8073923783915786,0.8295758746211522,0.8391374546143515,0.8528425929679768,0.8365866170231383,0.8338131425126084,0.8357569498277941,0.8605222016511714,0.8687769670845443,0.8756616486680211,0.8639003176295817,0.8573024977787497
162,MOZ,0.35215618600980175,0.3691124240000688,0.37045063432411546,0.37134261528626994,0.3683078734161007,0.3691998543782553,0.3821400281114942,0.39954249546365334,0.41212578125970456,0.4174800558407792,0.422834330421854,0.439790568412121,0.4405936857112007,0.4418430323721725
163,MRT,0.4404990889085727,0.4380883037264451,0.4035490044880927,0.3811472394455289,0.37909334220058916,0.40881107107468656,0.41041635014958716,0.39595737219637533,0.43808018177874475,0.4477175893677016,0.489840398950071,0.5199150157613561,0.536693048663844,0.48153881287701367
164,MUS,0.9066568438875654,0.9359292989230297,0.9643986366594143,0.965201753958494,0.9699315940898975,0.9667186471319491,0.9670755350691369,0.9722516045624325,0.9726084924996203,0.9737684977358877,0.9741253856730753,0.9752853909093427,0.9712693266523146,0.9749285029721552
165,MWI,0.4974291646720119,0.5394635883529358,0.5617745786859071,0.5792663874627704,0.6015773777957417,0.6030049295444925,0.6333480483915199,0.6588719856824394,0.6727046181394624,0.694658720535246,0.6803789031930721,0.6818064549418231,0.6800210597326255,0.6975128685094889
166,MYS,0.9285216048586448,0.9272717804360434,0.9380701487845267,0.9452093408131694,0.9444057457524603,0.9471719855868873,0.949938225421314,0.9527044652557409,0.9554707050901681,0.9583262863492991,0.9599325209474587,0.9607356382465384,0.9535959684562663,0.9535959684562663
167,NAC,0.9639013882521078,0.9712942087588788,0.9709827298417627,0.9676750047252923,0.9676866657472617,0.968015090690418,0.9677079386691384,0.9600867455822604,0.9671120190953447,0.9667184189066148,0.9665499802061447,0.9678033462855589,0.9677975253878612,0.9677951044326455
168,NAM,0.5317061727758047,0.5455388052328276,0.5513393091757942,0.5691880058898454,0.5348278672625311,0.5647247567476664,0.5861432883568535,0.6036350971337169,0.6049733074577636,0.6058652884199182,0.6188948035778613,0.6483454637011047,0.6569126852401278,0.669495971036179
169,NCL,0.9055268693822911,0.9031682284694332,0.8887613947854912,0.9104991394148021,0.9196149678077389,0.9333205839229937,0.9166188563778924,0.9133996302671002,0.9153439153439153,0.93966341556703,0.9456875119525722,0.9525721935360489,0.9408108624976096,0.9342130426467775
170,NER,0.19321683593761205,0.2067819218821515,0.22034700782669103,0.23355520583404277,0.26363077816858677,0.2972761853982669,0.32735175773281083,0.3449329079343784,0.3432368541498853,0.3572481694563168,0.3873237417908608,0.39767588077745203,0.38625212245603874,0.39107130401214657
171,NGA,0.28047426441430723,0.3004657220363729,0.31679800333859826,0.33678946096066403,0.3531217422628892,0.3445545207238662,0.3965851509774525,0.444242829036823,0.41595217414984703,0.3916775835198993,0.36695676352805945,0.3868588797254209,0.4103308308179183,0.4132762312633833
172,NIC,0.7519380400498018,0.7381039743078905,0.7085625394750547,0.7630015661026213,0.7812960144169349,0.7875422699601642,0.7941454134405812,0.8003916689838105,0.807084153888932,0.8133304094321612,0.8199335529125782,0.8261798084558075,0.8266260378176996,0.8274291551167793
173,NLD,0.976797984228133,0.9808140484851612,0.9804571605479735,0.9764410962909453,0.9804571605479735,0.9804571605479735,0.9801002726107857,0.9801002726107857,0.9801002726107857,0.9801002726107857,0.9801002726107857,0.9801002726107857,0.979743384673598,0.9757273204165698
174,NOR,0.945026358109096,0.9410102938520678,0.953058486623152,0.9570745508801801,0.9651066793942364,0.9651066793942364,0.9691227436512646,0.9691227436512646,0.9691227436512646,0.9691227436512646,0.9731388079082928,0.9691227436512646,0.9731388079082928,0.9771548721653206
175,NPL,0.527068540638882,0.5533052982809181,0.5558025583179733,0.5699911231889251,0.624340330630158,0.6180023448540772,0.6201427169539446,0.6744919243951776,0.6681539386190969,0.6863585677470767,0.6880527104850523,0.7054542223139525,0.7151804935659841,0.7128585720469315
176,NRU,0.6120809672188635,0.6651822612840131,0.7227458489680826,0.7762933723951243,0.8534910520024424,0.8544728521509306,0.8558115402366067,0.8567039989603907,0.8580426870460668,0.8593813751317426,0.8486718704463344,0.8535803934271465,0.8575964576841747,0.8575964576841747
177,NZL,0.8314038929928612,0.8335452206159877,0.8316308297668428,0.8295578220567256,0.8312034719893134,0.8207017936127091,0.8502219680530354,0.8636580583576275,0.8730186030823269,0.8823196664841616,0.8790768594243737,0.8791958220701028,0.8813493045111546,0.881433278143434
178,OED,0.9484726636166568,0.9493442027164921,0.9529057763460481,0.956304356324661,0.9609842512175648,0.9609732255268577,0.9623591426252297,0.960429548859376,0.9637929279335231,0.9670798034217113,0.9690760367269283,0.9648104340170219,0.9702740852254346,0.9708537859157126
179,OMN,0.9021061643672,0.9040688091409178,0.9108506354707432,0.917632461800569,0.9163821596163384,0.9268231622660044,0.9371748234909661,0.9476158261406321,0.9511856610357682,0.9547554959309043,0.9583253308260403,0.9583253308260403,0.9587715601879324,0.9587715601879324
180,OSS,0.6878676614614724,0.6977039390033273,0.7051127422575018,0.7082993361262132,0.7120094741151045,0.720963053827495,0.7344417463656002,0.742221451599594,0.7455024112541005,0.7533555061531908,0.7580659718792718,0.7640761816582692,0.763722927556484,0.7622671866558587
181,PAK,0.5935419049502794,0.5928262180293862,0.6242390451647178,0.6556518723000496,0.6545792974419687,0.6458314820070193,0.6531479236001823,0.6203037226230642,0.6758129353005646,0.6586761034143712,0.657960416493478,0.6649199701494534,0.6722364117426164,0.6787497360366997
182,PAN,0.8260904670311032,0.8295704827399056,0.8411719683874684,0.8531303419722192,0.8401892127157214,0.8441154577864157,0.8512546498150585,0.8551808948857529,0.8623200869143955,0.8658001026231981,0.8729392946518407,0.8524122662431788,0.847860153437925,0.8509832812095395
183,PER,0.7730813809604347,0.778881407141772,0.7437176734537484,0.7170322976416731,0.7867324639982725,0.7881595379853938,0.7931564468676514,0.7945835208547729,0.8112717345709272,0.8243007719672409,0.8213548937601466,0.790207224329151,0.8109115023023333,0.8275997160184874
184,PHL,0.7522868060392892,0.7762040309704199,0.7997643679643628,0.8036012716103528,0.807438175256343,0.8109181909651454,0.8147550946111354,0.8025277412290132,0.7742361308187782,0.8062748256886695,0.8101117293346595,0.8139486329806497,0.7861032519323069,0.8019883483493814
185,PLW,0.928168061252863,0.942800944439189,0.9570769396883274,0.9634111033713726,0.9693893346404892,0.9446675591253904,0.9692101740294511,0.8817492190986167,0.7376171352074966,0.9228023203926817,0.9293222271803264,0.9620209231989687,0.8981605434082006,0.9467003817740096
186,PNG,0.3208269671596211,0.33867614163530163,0.34046105908286967,0.3623262978155783,0.3721433437772026,0.3454589234883861,0.3311795839078417,0.33698056561243783,0.3387654830600059,0.36027383385552675,0.3901712011022916,0.40221939387337596,0.38258530195012735,0.3625049806649869
187,POL,0.9384313365763792,0.9378059466034493,0.9407503915256554,0.9481571300667815,0.9555638686079077,0.9548491372102733,0.9582398114943715,0.9616304857784695,0.9649318186378633,0.9683224929219615,0.9717131672060595,0.9754607294273455,0.9743891100925232,0.9703730458354952
188,PRE,0.35979126973515757,0.37560110499578386,0.3903634578341603,0.40040343336265183,0.4135023698221241,0.42568250955372183,0.44013066003564544,0.4623570332683264,0.4658193517361577,0.46021336355344306,0.4664203847136408,0.4687338200026295,0.47404285908991145,0.4804127770238292
189,PRI,0.9282106050103932,0.9270734198003311,0.9276741968924392,0.9308814509959614,0.9346950794936921,0.9338862693401859,0.9422428204299292,0.9418630222061234,0.9403918073550734,0.9423746761737064,0.945122845123524,0.9443790176834379,0.9432151307237362,0.945649932587834
190,PRK,0.8695562645538136,0.8638427132274039,0.8706235840339707,0.8814205190975657,0.8882013899041324,0.9070304534817835,0.9093490306694302,0.9161299014759968,0.9269268365395916,0.9337077073461585,0.9337077073461585,0.9340645952833461,0.9340645952833461,0.9300485310263181
191,PRT,0.9568973013156598,0.9709086166220916,0.9680525576013309,0.9619835516226218,0.9800109311860815,0.9734956958454805,0.9834909468948839,0.977065052978987,0.9825980104094704,0.9882203092646581,0.9897372024381131,0.994556383994221,0.9949132719314085,0.9949132719314085
192,PRY,0.7442484666240503,0.7769111181819831,0.7894934484547756,0.8016295493656758,0.8142118796384682,0.8263479805493685,0.8384840814602689,0.8507095237958735,0.8748938174778581,0.8830138541317303,0.8863147092294947,0.902466874397423,0.9011272307884881,0.8861331598103095
193,PSE,0.8416102892696222,0.8351045481707636,0.8341490452421764,0.8283268895487691,0.8225047338553622,0.8132305674167504,0.8120036247266569,0.8050706427493909,0.7992294985724989,0.791252150003571,0.7798568744073849,0.7713176578319597,0.7611588191676096,0.7514272213816667
194,PSS,0.7340880226290804,0.7280175276735358,0.721666364181719,0.7467897848285151,0.7601740622335784,0.7712420252156912,0.7412539232813288,0.7472542061744968,0.7650920121649564,0.7780433088054752,0.7960515730467298,0.7955117602745343,0.7906046862922153,0.782561403038247
195,PST,0.9636778517900355,0.9673880421123519,0.9684618981738499,0.9672987873611478,0.969087561581774,0.9690367565554601,0.9685183291537759,0.9623428113584364,0.9632737062209039,0.9655721638305078,0.9696193905270428,0.9700027037148803,0.9675582660878401,0.9669666012785746
196,PYF,0.925519760289245,0.9209299725669272,0.9046488800107128,0.9241554778305635,0.9310401594140404,0.9428715166570226,0.9239386423024616,0.9184882693822091,0.9185582955867521,0.9406466490004067,0.946670745385949,0.9539123149066134,0.9421509838681739,0.935553164017342
197,QAT,0.9944675203311464,0.9704604762136816,0.9942893152433671,0.9943786566680713,0.9944679980927756,0.966444889718283,0.9825984881710998,0.9942897930049964,0.9939329050678086,0.9892030649364051,0.9848301127421893,0.9848301127421893,0.9928622412562454,0.9928622412562454
198,ROU,0.8492881829483053,0.8520544227827322,0.8588367268741872,0.8651728016037502,0.8635660892439613,0.8783805218494726,0.8807005323220075,0.8874828364134627,0.8898028468859974,0.8881067931015044,0.8980127027262034,0.8955135316426305,0.884892890620297,0.8732015857864005
199,RUS,0.8760638557083439,0.8765100850702358,0.8774025437940197,0.88186483741294,0.8824004081995361,0.8828466375614283,0.8837390962852121,0.8801692613900762,0.8806154907519681,0.8815079494757523,0.8815972909004564,0.8824897496242405,0.8829359789861324,0.8829359789861324
200,RWA,0.55301625249511,0.6444029747350095,0.6273559620351499,0.6544856561625995,0.6851851851851851,0.6878616058332785,0.6865219622243434,0.7048164105386571,0.7111520075065907,0.71739826304982,0.7313197591699178,0.7291769982619032,0.7427416064448132,0.744258021856639
201,SAS,0.5130736362360305,0.5328356261312738,0.5577786669996125,0.5831538060430476,0.5922891557832374,0.602804324081813,0.6177603972942485,0.6390226093037952,0.662118993591117,0.674135880013718,0.6749883246512028,0.6830898754012945,0.6977502462611223,0.704988511885087
202,SAU,0.9652853622436451,0.9647493136954193,0.9726916230231418,0.9761716387319441,0.9705488621151271,0.9745649263721553,0.9785809906291835,0.9825970548862114,0.9825970548862114,0.9825970548862114,0.9825970548862114,0.9825970548862114,0.9825970548862114,0.9825970548862114
203,SDN,0.3911472681112267,0.4150654485656163,0.41926019567205297,0.42309805484130186,0.43452181316271515,0.45442392936007653,0.45022966001526926,0.45808358344154637,0.48601782815296396,0.47976966156321693,0.47218376241105275,0.4725406503482405,0.47655671460526855,0.6318733225459512
204,SEN,0.4706496698189379,0.49965410058028925,0.49260329445309187,0.5657844320417525,0.594788862803104,0.616207394412291,0.593002989832277,0.6063893929274079,0.6193295666606469,0.6367320340128059,0.6376240149749605,0.6465481244511714,0.6358381420041336,0.6407461872233163
205,SGP,0.979205902840484,0.9755467265206436,0.9835788550346999,0.9879518072289156,0.9839357429718875,0.9839357429718875,0.9839357429718875,0.9839357429718875,0.9839357429718875,0.9839357429718875,0.9839357429718875,0.9839357429718875,0.9839357429718875,0.9839357429718875
206,SLB,0.561427245981308,0.578651508245688,0.6002487227042838,0.6013193865158469,0.6510290507736394,0.6364816869189821,0.5657094234659313,0.5667800872774945,0.6004254945071745,0.6220227089657703,0.6592379510905865,0.636658458721873,0.638175351895328,0.6356761808117553
207,SLE,0.3092321701748703,0.3582280585582874,0.37554166224737157,0.3602805225183389,0.3413602064694657,0.32609906674043304,0.3835733129997983,0.4168618322922908,0.42569707810542673,0.4389946175374828,0.4478298633506188,0.4494360979487782,0.43417495821974555,0.43131889919898486
208,SLV,0.7740636588705524,0.7692435217911857,0.7881628823168,0.8190410941887941,0.8222530856234836,0.8326940882731497,0.8234116575748628,0.8137723389393883,0.8242133415890542,0.8185900872106079,0.8406330532694661,0.8510740559191322,0.8610688292069062,0.867047538237652
209,SMR,0.915813949553546,0.9406568551207902,0.9694744694323099,0.9541175443229369,0.9548379505965112,0.9475349212871401,0.871934864915929,0.9529199590560614,0.8532235054899591,0.914097806475171,0.9308128098007415,0.8791720213840511,0.8113363722235727,0.7953591610337987
210,SOM,0.17142660578072463,0.1561654660516919,0.16134153554498745,0.14652662517784676,0.15214892403303434,0.15786056431292622,0.15545073465405757,0.19364777692736204,0.20730220429660587,0.20935466825665738,0.4550345111494398,0.4588955889098076,0.46209454591165344,0.4672146880077986
211,SRB,0.9577897600394442,0.9377094387543036,0.9457415672683597,0.9730508997684767,0.940922385712252,0.9690348355114485,0.9566297548031765,0.9686779475742607,0.9686779475742607,0.959842701761125,0.9357463162189563,0.955826637504097,0.9317302519619283,0.9313733640247405
212,SSA,0.35999653165519896,0.3748979450844761,0.38784156964061367,0.399725312549191,0.41514989330784396,0.4290674319349084,0.4422947662245638,0.4656080384925563,0.47202521479100906,0.46948339632520475,0.4763990816770966,0.4787799410808085,0.488690735043454,0.49555469335883157
213,SSD,0.49418364879392856,0.5092679130548112,0.5199519625451302,0.5287457276929043,0.5387990257401643,0.5511213382332623,0.5571773160198455,0.5706934053943763,0.580691766748263,0.3333333333333333,0.2936189201249442,0.2056223944075135,0.17349388035128857,0.16546175183723236
214,SSF,0.360059219643291,0.3749579345521606,0.3878991051802661,0.39978077161819775,0.41520388257498336,0.4291189847383994,0.4423448227289734,0.46565492312206236,0.47207179485744977,0.46952726839203757,0.47644173508845117,0.47882167938047693,0.4887316892203195,0.4955959607092692
215,SST,0.72813861114417,0.732193913224703,0.74108818851021,0.7448056421726514,0.748131149031198,0.7532680140785942,0.7640335852921379,0.7710055313991643,0.774173797892204,0.7807038429532615,0.784962733156953,0.791303254504718,0.7900357396279283,0.7878145326706405
216,STP,0.5888283087142766,0.6087289916267496,0.637108032415171,0.6369283940425036,0.6367487556698361,0.6529902622624688,0.6929712664600826,0.6923453987255231,0.7117998522761041,0.7200092303546807,0.7243821825488964,0.720723006229056,0.7255421877851639,0.7299151399793797
217,SUR,0.7834187093365133,0.7692287111806732,0.8389298330605315,0.8605275252807566,0.8298270407349121,0.8393765401840528,0.8448206339514613,0.8543701334006021,0.8638302914250388,0.8452673410749828,0.7985025995010258,0.8784669967044003,0.8463384826481753,0.8824830609614285
218,SVK,0.9956280033290431,0.9956280033290431,0.9956280033290431,0.991611939072015,0.9912550511348271,0.9952711153918553,0.9957173447537473,0.9957173447537473,0.9917012804967191,0.9917012804967191,0.9957173447537473,0.9917012804967191,0.9876852162396911,0.9796530877256348
219,SVN,0.9709067055755737,0.9749227698326018,0.9749227698326018,0.9749227698326018,0.9829548983466582,0.9829548983466582,0.9829548983466582,0.97893883408963,0.9784926047277379,0.9825086689847661,0.9784926047277379,0.9744765404707098,0.9744765404707098,0.9744765404707098
220,SWE,0.9814375274115733,0.9814375274115733,0.9854535916686015,0.9854535916686015,0.9894696559256296,0.9854535916686015,0.9854535916686015,0.9894696559256296,0.9894696559256296,0.9894696559256296,0.9934857201826578,0.9894696559256296,0.9894696559256296,0.9894696559256296
221,SWZ,0.6089697834879847,0.6187863516879796,0.6286029198879745,0.6385088295126735,0.6483253977126684,0.6626042595315834,0.6724208277315782,0.6823267373562775,0.6925895349181642,0.6747398826808543,0.6890187444997693,0.7207010291941022,0.7247170934511301,0.6925885793949053
222,SXM,0.8634524390744972,0.8639297469136175,0.8660430490728547,0.87074583357983,0.8760295004855007,0.8767077234036101,0.8872726863151992,0.8883955741427103,0.8884082617673353,0.8918844248494645,0.8954671937548105,0.8960833987240074,0.8959226562364009,0.8988204478568504
223,SYC,0.9710858661866117,0.9751019304436399,0.9751019304436399,0.9751019304436399,0.9751019304436399,0.9751019304436399,0.9751019304436399,0.9670698019295837,0.9751019304436399,0.9751019304436399,0.9710858661866117,0.9670698019295837,0.9751019304436399,0.9710858661866117
224,SYR,0.8501658310615768,0.849183553151459,0.8486475046032332,0.8476652266931155,0.8506990130400259,0.8537327993869362,0.8567665857338467,0.8634595484005975,0.8664933347475078,0.861494992580362,0.7878666701065503,0.7758184773354659,0.7597542203073534,0.7557381560503255
225,TCA,0.8478280615067592,0.8451889335664265,0.843939491353129,0.8457754064420561,0.8486312743581648,0.8464511251900637,0.8872726863151992,0.8883955741427103,0.8884082617673353,0.8918844248494645,0.8954671937548105,0.8960833987240074,0.8959226562364009,0.8988204478568504
226,TCD,0.1396664459407939,0.13457924011057318,0.10941171299521187,0.15653334250635664,0.20731414833734177,0.1781305569649524,0.1650112226206754,0.204100723617764,0.2472062888718806,0.282279725611941,0.3213692266090295,0.29771907042875284,0.27763874914361225,0.3101241511370249
227,TEA,0.7148261556892203,0.7269443999530057,0.7436372548556508,0.7522502892391879,0.777478280845746,0.7838227588722232,0.8017872749213156,0.8139223316684755,0.8222029087237765,0.8327997906822532,0.8413101988637782,0.8482507733841103,0.8486756686789723,0.8549195436400595
228,TEC,0.8845524215561618,0.8808533014651871,0.8895700822626776,0.9024221074450808,0.9101793956759973,0.9149685258646981,0.9168251637249223,0.9107697649004117,0.9093081980143252,0.9155993108878248,0.9189611352697455,0.9258832909547587,0.9174978003238209,0.9202032521482111
229,TGO,0.277282338968054,0.3602810002799683,0.37099050496537656,0.3741141104986207,0.40892000072619766,0.3834849270983529,0.35483690651255984,0.3695624754549964,0.3802719801404046,0.3994598427017611,0.40213721887311316,0.405617712343545,0.44845573108517817,0.46362752938950663
230,THA,0.9200432469826966,0.9312878446930717,0.9345896553140949,0.9382483538723058,0.9411039351314371,0.9433350819408971,0.9531521279025214,0.9545801574129017,0.9560081869232819,0.95779310437085,0.9587749045193382,0.9642189982867467,0.9652007984352351,0.9652007984352351
231,TJK,0.7562780266915867,0.7698431126361264,0.7798383636855296,0.7576157592540039,0.7511005239134029,0.7686816741149705,0.7782306958024817,0.7961687339412372,0.8222282420187531,0.8438254564773487,0.8336510448169075,0.8311518737333344,0.8607812167059864,0.8572113818108503
232,TKM,0.6426954546714098,0.6796431502837427,0.6804462675828223,0.6889246254587706,0.6901739721197423,0.8619248430272624,0.8665805054726349,0.8711935121133969,0.8757386350582895,0.8801150042867681,0.884035505831787,0.8925157418568141,0.8957080472902237,0.897480747372961
233,TLA,0.8469440858899429,0.8525461003052494,0.8534554374624997,0.855774183706108,0.8660129054101254,0.867809751307317,0.8765285728499701,0.8758776988333362,0.8769338499064349,0.8850276389731339,0.8918788284236695,0.8808668843040636,0.8877102203064228,0.8890048344943221
234,TLS,0.4119294212300068,0.41407122661476264,0.42067532561843857,0.3987207454610256,0.4583367971051467,0.4736868004972543,0.520808430008399,0.516524341477258,0.5082241886890889,0.5002809238381076,0.5522217349053603,0.5421366646696232,0.5606102735949746,0.5461522511650218
235,TMN,0.8320243153882542,0.8344564058224352,0.8385365176742824,0.8424669108622204,0.8461039315833451,0.850307659462953,0.8536217606651029,0.8648385587820012,0.8683797712862843,0.8706354963857201,0.8589518620314,0.8850329624416226,0.878227923302453,0.8771581330776343
236,TON,0.9114750699204145,0.9428898081022639,0.9425329201650762,0.9386061973327524,0.9303065223062127,0.930395863730917,0.9261122529614054,0.9181694658720535,0.9142427430397296,0.9099591322702182,0.89398421666681,0.9137969914394671,0.9098702686071434,0.9098702686071434
237,TSA,0.5130736362360305,0.5328356261312738,0.5577786669996125,0.5831538060430476,0.5922891557832374,0.602804324081813,0.6177603972942485,0.6390226093037952,0.662118993591117,0.674135880013718,0.6749883246512028,0.6830898754012945,0.6977502462611223,0.704988511885087
238,TSS,0.360059219643291,0.3749579345521606,0.38789910518026566,0.39978077161819775,0.41520388257498336,0.429118984738399,0.4423448227289734,0.46565492312206197,0.47207179485744977,0.46952726839203757,0.47644173508845117,0.47882167938047693,0.4887316892203195,0.4955959607092688
239,TTO,0.8904148595333033,0.8956802704513032,0.9250420669114717,0.9178130556964952,0.9026412573921667,0.9119227325671949,0.9127258498662746,0.9260233892983307,0.9188837195080585,0.9196868368071381,0.8915743870079412,0.91567077255011,0.9357510938352506,0.9076386440360538
240,TUN,0.8809618679333084,0.8708763199359417,0.8964891208899362,0.9048776595795506,0.918085379825273,0.9232609715569392,0.9284365632886052,0.9328090377211917,0.9339685651958297,0.9343249753713879,0.9395005671030541,0.9353946836596924,0.9557420736956868,0.9557420736956868
241,TUR,0.8691759662967836,0.8423123853969292,0.8705136988592007,0.9151361572867726,0.9477104229432601,0.9441401102864946,0.9522611024636256,0.9562766889590243,0.9603816168791273,0.9680563796943663,0.9632367203766291,0.9740350887251122,0.9602908421695346,0.97376658668937
242,TUV,0.9036340460581321,0.8911391461635264,0.9027406318110893,0.7661046278857997,0.8580273986739249,0.9062196919966327,0.902113808553271,0.8936349729156933,0.8735546516305527,0.9261203749091059,0.9261203749091059,0.9180882463950496,0.8751020934446666,0.875186067076946
243,TZA,0.4348027370008227,0.46844814423050285,0.45827373257006143,0.44809932090961985,0.458005230534319,0.4478308188738776,0.4416724714704643,0.45559444535219157,0.46184117865705027,0.46808791196190896,0.4860259501006643,0.4958425183006592,0.4980731873484898,0.5006607443335082
244,UGA,0.3713430930478994,0.38758555516379106,0.40347112934249485,0.42015982082027853,0.45612571628412285,0.4643360498859583,0.4521091742654653,0.48843195766649755,0.48022114630303275,0.4969098377808164,0.5328757332446609,0.5410860668464962,0.5484932831492518,0.5492964004483315
245,UKR,0.9698398638570461,0.9701967517942339,0.9701074103695295,0.9579698761737409,0.9659126632630928,0.9618072575813604,0.9496697233855719,0.8732751610773333,0.7968805987690949,0.8409679641716998,0.8890713938313329,0.888625164469441,0.7961663451330901,0.7957201157711982
246,UMC,0.7875908478707924,0.7933132361478376,0.8016707834625545,0.8092988837330862,0.8324539447932744,0.8405275428784987,0.8551165824378854,0.865265010978829,0.8693570196505238,0.877186683127475,0.8821248728912824,0.8832043385583673,0.889277160491955,0.8940218465256939
247,URY,0.9501173860323521,0.9517236206305116,0.953329855228671,0.9549360898268304,0.9525262601679619,0.9626108526420696,0.9602010229832009,0.9573449639624404,0.9629672628176279,0.9645734974157874,0.9701957962709749,0.9718020308691345,0.9729620361054018,0.9737651534044818
248,USA,0.9622491870885875,0.9702813156026439,0.9702813156026439,0.9667114807075077,0.9670683686446954,0.9670683686446954,0.9670683686446954,0.9594824694925311,0.9675145980065873,0.967871485943775,0.963855421686747,0.9683177153056671,0.9683177153056671,0.9683177153056671
249,UZB,0.9166506616520805,0.9284298746257932,0.9281608948284216,0.9359240435451058,0.9356550637477342,0.9398483775692826,0.9393128067826862,0.927264614011602,0.9393128067826862,0.9433288710397144,0.9433288710397144,0.948953436484958,0.9587185953114784,0.9594761474839929
250,VCT,0.8865922887361962,0.872758222994285,0.8928385442794254,0.8848064157653693,0.8928385442794254,0.8928385442794254,0.9206664115922473,0.922169097643564,0.9236530001192392,0.9171141658686789,0.9059005730531234,0.9273409267475468,0.9283440712196421,0.9288070609759936
251,VEN,0.8596264668476428,0.8618571358954733,0.8524858415341118,0.8382953656166422,0.8650686495685336,0.8873796399015047,0.9137960359162083,0.8919303194218702,0.8621218158381801,0.8924649346852077,0.8987116679900664,0.892999549948545,0.9090638069766576,0.9211119997477418
252,VGB,0.9396466802596676,0.9374537816812268,0.9362043394679292,0.9384864839187482,0.9408961224729652,0.9387159733048641,0.9358188375605502,0.9354390393367445,0.9339678244856944,0.9359506933043275,0.938698862254145,0.9379550348140588,0.9367911478543571,0.9392259497184551
253,VIR,0.9589248397689873,0.9562857118286545,0.9554824989772489,0.957318414066176,0.959728052620393,0.9575479034522919,0.9644325850357687,0.9625966699468416,0.959728052620393,0.9603017760856827,0.9617934570954358,0.9599575420065087,0.9580068822245238,0.9598427973134508
254,VNM,0.7440845943851543,0.7443507076127492,0.7727292706395413,0.7770114481241644,0.7809367376716,0.7530904010999984,0.8011030560500387,0.8330514539719669,0.8490249362904866,0.852860884413218,0.8642827316881134,0.8838260489017693,0.891321173344341,0.9027430206192365
255,VUT,0.5412399060911741,0.5443620783395299,0.5510540854830218,0.5541762577313776,0.5609576062995737,0.5716656777000937,0.5828199784625058,0.5971872261828661,0.6078952975833861,0.6186927104086104,0.6244043506885023,0.6297591030312064,0.6351138553739105,0.6404686077166147
256,WLD,0.6785533316189208,0.6894291015070485,0.7025238289965583,0.7138599204507231,0.7259204817860571,0.7326069047779361,0.7435605167761935,0.756314319664086,0.7654751333040556,0.7699704394117414,0.7730610149428853,0.7763147103685899,0.7813760098148359,0.7863250027217248
257,WSM,0.9459245499724331,0.7991150899099609,0.6519487419103012,0.7826939449446608,0.7720737816839569,0.8096463895075902,0.7355723154335161,0.7410164092009245,0.7869780334758018,0.8009004851191586,0.8709584949362045,0.9290576534068703,0.8969291393506454,0.84472030400928
258,XKX,,,,,,,,,,,,,,
259,YEM,0.4610098734218339,0.4720748327595416,0.5148220767915822,0.5133926139963135,0.4830475841027684,0.5097305711066965,0.5042850440543999,0.49018390956163455,0.5041058834433618,0.4975906481027608,0.48750557786702364,0.7760498784029989,0.7671939910653242,0.7689666911480614
260,ZAF,0.6591204217297456,0.6518015913284353,0.6561740657610217,0.6605465401936081,0.6773240953344667,0.6732182118911046,0.6936549433518034,0.7096293811935822,0.689459240722108,0.7098959721828068,0.7138222172535014,0.7097163338101394,0.7333660122287866,0.7573725785846217
261,ZMB,0.52705325226674,0.5313368630362515,0.540439655361871,0.5451694954932745,0.5494531062627861,0.5866683483876022,0.5668555736149451,0.583187377155541,0.6115673734672212,0.5636421488953673,0.5639096954078507,0.5605180656004939,0.5848819976551459,0.6092459297097981
262,ZWE,0.5742661342491069,0.5646277711368911,0.5553462959618631,0.5577561256207318,0.5601659552796003,0.562575784938469,0.5653425025345254,0.5878326534785346,0.6428975478406608,0.6493234417565575,0.6677975284435386,0.6504839247544544,0.6448616258992669,0.6191590057589387
263,ALA,0.9438284465659859,0.9481992197010625,0.9515491094558186,0.9526482525215852,0.9543598477087697,0.9564276349991311,0.9552203879604882,0.9545455088743825,0.9525732855626307,0.9560752400188696,0.9593077419101315,0.9595889271021617,0.9531416887276846,0.9494995320416396
264,AIA,0.8634524390744972,0.8639297469136175,0.8660430490728547,0.87074583357983,0.8760295004855007,0.8767077234036101,0.8872726863151992,0.8883955741427103,0.8884082617673353,0.8918844248494645,0.8954671937548105,0.8960833987240074,0.8959226562364009,0.8988204478568504
265,ATA,,,,,,,,,,,,,,
266,BES,0.8634524390744972,0.8639297469136175,0.8660430490728547,0.87074583357983,0.8760295004855007,0.8767077234036101,0.8872726863151992,0.8883955741427103,0.8884082617673353,0.8918844248494645,0.8954671937548105,0.8960833987240074,0.8959226562364009,0.8988204478568504
267,BVT,,,,,,,,,,,,,,
268,IOT,,,,,,,,,,,,,,
269,CXR,,,,,,,,,,,,,,
270,CCK,,,,,,,,,,,,,,
271,COK,0.7750481441830859,0.7738679149019031,0.7605763528785042,0.7833412095750528,0.7930928003973482,0.8072411003802976,0.7908902384613183,0.7879315936013592,0.789959549826698,0.8144206686549165,0.8210210028410742,0.8285948290326974,0.8153675644999634,0.8092007855628826
272,FLK,0.8634524390744972,0.8639297469136175,0.8660430490728547,0.87074583357983,0.8760295004855007,0.8767077234036101,0.8872726863151992,0.8883955741427103,0.8884082617673353,0.8918844248494645,0.8954671937548105,0.8960833987240074,0.8959226562364009,0.8988204478568504
273,GUF,0.8634524390744972,0.8639297469136175,0.8660430490728547,0.87074583357983,0.8760295004855007,0.8767077234036101,0.8872726863151992,0.8883955741427103,0.8884082617673353,0.8918844248494645,0.8954671937548105,0.8960833987240074,0.8959226562364009,0.8988204478568504
274,ATF,,,,,,,,,,,,,,
275,GLP,0.8634524390744972,0.8639297469136175,0.8660430490728547,0.87074583357983,0.8760295004855007,0.8767077234036101,0.8872726863151992,0.8883955741427103,0.8884082617673353,0.8918844248494645,0.8954671937548105,0.8960833987240074,0.8959226562364009,0.8988204478568504
276,GGY,0.9438284465659859,0.9481992197010625,0.9515491094558186,0.9526482525215852,0.9543598477087697,0.9564276349991311,0.9552203879604882,0.9545455088743825,0.9525732855626307,0.9560752400188696,0.9593077419101315,0.9595889271021617,0.9531416887276846,0.9494995320416396
277,HMD,,,,,,,,,,,,,,
278,VAT,0.9438284465659859,0.9481992197010625,0.9515491094558186,0.9526482525215852,0.9543598477087697,0.9564276349991311,0.9552203879604882,0.9545455088743825,0.9525732855626307,0.9560752400188696,0.9593077419101315,0.9595889271021617,0.9531416887276846,0.9494995320416396
279,JEY,0.9438284465659859,0.9481992197010625,0.9515491094558186,0.9526482525215852,0.9543598477087697,0.9564276349991311,0.9552203879604882,0.9545455088743825,0.9525732855626307,0.9560752400188696,0.9593077419101315,0.9595889271021617,0.9531416887276846,0.9494995320416396
280,MTQ,0.8634524390744972,0.8639297469136175,0.8660430490728547,0.87074583357983,0.8760295004855007,0.8767077234036101,0.8872726863151992,0.8883955741427103,0.8884082617673353,0.8918844248494645,0.8954671937548105,0.8960833987240074,0.8959226562364009,0.8988204478568504
281,MYT,0.49418364879392856,0.5092679130548112,0.5199519625451302,0.5287457276929043,0.5387990257401643,0.5511213382332623,0.5571773160198455,0.5706934053943763,0.580691766748263,0.5808110418921649,0.5928450124137564,0.591797567193312,0.5935834645491666,0.5981086341627889
282,MSR,0.8634524390744972,0.8639297469136175,0.8660430490728547,0.87074583357983,0.8760295004855007,0.8767077234036101,0.8872726863151992,0.8883955741427103,0.8884082617673353,0.8918844248494645,0.8954671937548105,0.8960833987240074,0.8959226562364009,0.8988204478568504
283,NIU,0.7750481441830859,0.7738679149019031,0.7605763528785042,0.7833412095750528,0.7930928003973482,0.8072411003802976,0.7908902384613183,0.7879315936013592,0.789959549826698,0.8144206686549165,0.8210210028410742,0.8285948290326974,0.8153675644999634,0.8092007855628826
284,NFK,0.7750481441830859,0.7738679149019031,0.7605763528785042,0.7833412095750528,0.7930928003973482,0.8072411003802976,0.7908902384613183,0.7879315936013592,0.789959549826698,0.8144206686549165,0.8210210028410742,0.8285948290326974,0.8153675644999634,0.8092007855628826
285,PCN,0.7750481441830859,0.7738679149019031,0.7605763528785042,0.7833412095750528,0.7930928003973482,0.8072411003802976,0.7908902384613183,0.7879315936013592,0.789959549826698,0.8144206686549165,0.8210210028410742,0.8285948290326974,0.8153675644999634,0.8092007855628826
286,REU,0.49418364879392856,0.5092679130548112,0.5199519625451302,0.5287457276929043,0.5387990257401643,0.5511213382332623,0.5571773160198455,0.5706934053943763,0.580691766748263,0.5808110418921649,0.5928450124137564,0.591797567193312,0.5935834645491666,0.5981086341627889
287,BLM,0.8634524390744972,0.8639297469136175,0.8660430490728547,0.87074583357983,0.8760295004855007,0.8767077234036101,0.8872726863151992,0.8883955741427103,0.8884082617673353,0.8918844248494645,0.8954671937548105,0.8960833987240074,0.8959226562364009,0.8988204478568504
288,SHN,0.49418364879392856,0.5092679130548112,0.5199519625451302,0.5287457276929043,0.5387990257401643,0.5511213382332623,0.5571773160198455,0.5706934053943763,0.580691766748263,0.5808110418921649,0.5928450124137564,0.591797567193312,0.5935834645491666,0.5981086341627889
289,SPM,0.8634524390744972,0.8639297469136175,0.8660430490728547,0.87074583357983,0.8760295004855007,0.8767077234036101,0.8872726863151992,0.8883955741427103,0.8884082617673353,0.8918844248494645,0.8954671937548105,0.8960833987240074,0.8959226562364009,0.8988204478568504
290,SGS,,,,,,,,,,,,,,
291,SJM,0.9438284465659859,0.9481992197010625,0.9515491094558186,0.9526482525215852,0.9543598477087697,0.9564276349991311,0.9552203879604882,0.9545455088743825,0.9525732855626307,0.9560752400188696,0.9593077419101315,0.9595889271021617,0.9531416887276846,0.9494995320416396
292,TWN,0.773313806910584,0.7800521264367078,0.7925040786103699,0.7999088959398373,0.8072168903007864,0.8154410354565539,0.8276161373618939,0.8335963148135593,0.8410466757316212,0.8461920785412328,0.8474636866401267,0.8573110934760569,0.8601616062067409,0.8620197544651594
293,TKL,0.7750481441830859,0.7738679149019031,0.7605763528785042,0.7833412095750528,0.7930928003973482,0.8072411003802976,0.7908902384613183,0.7879315936013592,0.789959549826698,0.8144206686549165,0.8210210028410742,0.8285948290326974,0.8153675644999634,0.8092007855628826
294,UMI,,,,,,,,,,,,,,
295,WLF,0.7750481441830859,0.7738679149019031,0.7605763528785042,0.7833412095750528,0.7930928003973482,0.8072411003802976,0.7908902384613183,0.7879315936013592,0.789959549826698,0.8144206686549165,0.8210210028410742,0.8285948290326974,0.8153675644999634,0.8092007855628826
296,ESH,0.49418364879392856,0.5092679130548112,0.5199519625451302,0.5287457276929043,0.5387990257401643,0.5511213382332623,0.5571773160198455,0.5706934053943763,0.580691766748263,0.5808110418921649,0.5928450124137564,0.591797567193312,0.5935834645491666,0.5981086341627889
